nan,nan,nan,nan
nan,nan,nan,nan
nan,nan,nan,nan
nan,nan,3.750259893442504100e-01,1.393509728839555928e+00
